ablation_type,safety_coverage_delta,mission_utility_delta,energy_headroom_delta,decision_time_delta,relative_safety,relative_mission
no_dependency_graph,0.0,0.0,0.0,0.032820028718560934,1.0,1.0
no_lexicographic_ordering,0.050000000000000044,-0.22105263157894733,0.01200000000000001,-0.108149996958673,1.0612244897959184,0.37313432835820903
no_mandatory_modules,-0.050000000000000044,-0.08421052631578946,0.010000000000000009,-0.018569990061223507,0.9387755102040816,0.7611940298507464
no_safety_critical_distinction,-0.18333333333333335,-0.04473684210526313,0.040999999999999925,0.05470000905916095,0.7755102040816326,0.873134328358209
no_module_classes,-0.18333333333333335,-0.04473684210526313,0.040999999999999925,0.07282999577000737,0.7755102040816326,0.873134328358209
no_redundancy_handling,0.0,0.0,0.0,-0.03941997420042753,1.0,1.0
no_mutual_exclusion,0.0,0.0,0.0,0.030209985561668873,1.0,1.0
no_shared_info,0.0,0.0,0.0,0.038389989640563726,1.0,1.0
