policy,count,safety_mean,safety_std,safety_min,safety_max,mission_mean,mission_std,mission_min,mission_max,energy_mean,energy_std,energy_min,energy_max,time_mean,time_std,time_min,time_max,efficiency_mean,efficiency_std
priority,20,1.0,0.0,1.0,1.0,1.0,0.0,1.0,1.0,0.0,0.0,0.0,0.0,0.0,0.0,0.0,0.0,12.321852963854273,5.909544685803593
criticality,20,0.845,0.2251120578656133,0.4,1.0,0.1592105263157895,0.12416069003510215,0.0,0.39473684210526316,0.0,0.0,0.0,0.0,0.2106000029016286,0.07384042886123393,0.14380004722625017,0.47560001257807016,6.117964507689298,0.774520926386457
risk_aware_knapsack,20,0.8325,0.22298316355292427,0.4,1.0,0.15000000000000002,0.1289487817210129,0.0,0.39473684210526316,0.0,0.0,0.0,0.0,0.31954500591382384,0.07414593867744637,0.2463000128045678,0.5227000219747424,6.383345307032123,1.4636523910863566
lexicographic,20,0.7533333333333333,0.239248335588508,0.4,1.0,0.3539473684210526,0.10119385042459669,0.2894736842105263,0.5263157894736842,0.0,0.0,0.0,0.0,0.41710499208420515,0.08457950034133621,0.28929999098181725,0.6699999794363976,6.221119654494844,2.6678089810213645
